Workbook

Sheet Default_results
D1: 10000 | O1: 1000 | Z1: 500 | AK1: 100
A2: year | B2: n | D2: PercSeedGenoRet | E2: numSegSites | F2: allelesLost | G2: allelesFixed | H2: avMinorFreq | I2: freqVariance | J2: TajimaPi | K2: WattersonsTheta | L2: Fis | M2: NeHeterozygosity | O2: PercSeedGenoRet | P2: numSegSites | Q2: allelesLost | R2: allelesFixed | S2: avMinorFreq | T2: freqVariance | U2: TajimaPi | V2: WattersonsTheta | W2: Fis | X2: NeHeterozygosity | Z2: PercSeedGenoRet | AA2: numSegSites | AB2: allelesLost | AC2: allelesFixed | AD2: avMinorFreq | AE2: freqVariance | AF2: TajimaPi | AG2: WattersonsTheta | AH2: Fis | AI2: NeHeterozygosity | AK2: PercSeedGenoRet | AL2: numSegSites | AM2: allelesLost | AN2: allelesFixed | AO2: avMinorFreq | AP2: freqVariance | AQ2: TajimaPi | AR2: WattersonsTheta | AS2: Fis | AT2: NeHeterozygosity
A3: 0 | B3: 946 | D3: 100.9 | E3: 3046 | F3: 0 | G3: 0 | H3: 0.5 | I3: 0 | J3: 0.5 | K3: 0.0959 | L3: -1 | M3: -1 | O3: 100.9 | P3: 3046 | Q3: 0 | R3: 0 | S3: 0.5 | T3: 0 | U3: 0.5 | V3: 0.1231 | W3: -1 | X3: -1 | Z3: 100.9 | AA3: 3046 | AB3: 0 | AC3: 0 | AD3: 0.5 | AE3: 0 | AF3: 0.5 | AG3: 0.1345 | AH3: 0 | AI3: -1 | AK3: 100.9 | AL3: 3046 | AM3: 0 | AN3: 0 | AO3: 0.5 | AP3: 0 | AQ3: 0.5 | AR3: 0.1731 | AS3: -1 | AT3: -1
A4: 100 | B4: 1000 | D4: 100.9 | E4: 3046 | F4: 0 | G4: 0 | H4: 0.4925 | I4: 8.7e-05 | J4: 0.4998 | K4: 0.0959 | L4: -0.0008 | M4: -1 | O4: 100 | P4: 3046 | Q4: 0 | R4: 0 | S4: 0.4786 | T4: 0.000726 | U4: 0.4985 | V4: 0.1223 | W4: -0.0016 | X4: -1 | Z4: 100 | AA4: 3046 | AB4: 0 | AC4: 0 | AD4: 0.4684 | AE4: 0.001546 | AF4: 0.4969 | AG4: 0.1375 | AH4: -0.0143 | AI4: -1 | AK4: 100 | AL4: 3046 | AM4: 0 | AN4: 0 | AO4: 0.424 | AP4: 0.008868 | AQ4: 0.4821 | AR4: 0.1939 | AS4: -0.0131 | AT4: -1
A5: 200 | B5: 994 | D5: 100 | E5: 3046 | F5: 0 | G5: 0 | H5: 0.4902 | I5: 0.000148 | J5: 0.4997 | K5: 0.0954 | L5: -0.0001 | M5: -1 | O5: 100 | P5: 3046 | Q5: 0 | R5: 0 | S5: 0.4699 | T5: 0.001428 | U5: 0.4971 | V5: 0.1224 | W5: -0.0046 | X5: -1 | Z5: 100 | AA5: 3046 | AB5: 0 | AC5: 0 | AD5: 0.4568 | AE5: 0.002817 | AF5: 0.4943 | AG5: 0.1339 | AH5: -0.0039 | AI5: -1 | AK5: 100 | AL5: 3046 | AM5: 0 | AN5: 0 | AO5: 0.3829 | AP5: 0.020737 | AQ5: 0.4585 | AR5: 0.1849 | AS5: -0.0256 | AT5: -1
A6: 300 | B6: 1000 | D6: 100 | E6: 3046 | F6: 0 | G6: 0 | H6: 0.488 | I6: 0.000223 | J6: 0.4996 | K6: 0.0954 | L6: 0.0002 | M6: -1 | O6: 100 | P6: 3046 | Q6: 0 | R6: 0 | S6: 0.4634 | T6: 0.002093 | U6: 0.4958 | V6: 0.1223 | W6: -0.0016 | X6: -1 | Z6: 100 | AA6: 3046 | AB6: 0 | AC6: 0 | AD6: 0.4489 | AE6: 0.00393 | AF6: 0.4921 | AG6: 0.1336 | AH6: -0.007 | AI6: -1 | AK6: 100 | AL6: 3046 | AM6: 0 | AN6: 0 | AO6: 0.3641 | AP6: 0.027404 | AQ6: 0.4451 | AR6: 0.1774 | AS6: -0.0267 | AT6: -1
A7: 400 | B7: 1000 | D7: 100 | E7: 3046 | F7: 0 | G7: 0 | H7: 0.4863 | I7: 0.000282 | J7: 0.4994 | K7: 0.0954 | L7: -0.0004 | M7: -1 | O7: 100 | P7: 3046 | Q7: 0 | R7: 0 | S7: 0.4579 | T7: 0.002856 | U7: 0.4943 | V7: 0.1223 | W7: -0.0033 | X7: -1 | Z7: 100 | AA7: 3046 | AB7: 0 | AC7: 0 | AD7: 0.4423 | AE7: 0.005122 | AF7: 0.4896 | AG7: 0.1336 | AH7: -0.0053 | AI7: -1 | AK7: 99.9 | AL7: 3041 | AM7: 3 | AN7: 2 | AO7: 0.3429 | AP7: 0.036418 | AQ7: 0.4272 | AR7: 0.1706 | AS7: -0.0278 | AT7: -1
A8: 500 | B8: 997 | D8: 100 | E8: 3046 | F8: 0 | G8: 0 | H8: 0.4852 | I8: 0.000346 | J8: 0.4993 | K8: 0.0954 | L8: -0.0005 | M8: 249.4 | O8: 100 | P8: 3046 | Q8: 0 | R8: 0 | S8: 0.4508 | T8: 0.003783 | U8: 0.4924 | V8: 0.1223 | W8: -0.0023 | X8: 244.09 | Z8: 100 | AA8: 3046 | AB8: 0 | AC8: 0 | AD8: 0.4339 | AE8: 0.006748 | AF8: 0.4865 | AG8: 0.1336 | AH8: 0.0034 | AI8: 236.72 | AK8: 99.7 | AL8: 3034 | AM8: 8 | AN8: 4 | AO8: 0.3333 | AP8: 0.041772 | AQ8: 0.4165 | AR8: 0.1696 | AS8: -0.0057 | AT8: 181.56
A9: 600 | B9: 1000 | D9: 100 | E9: 3046 | F9: 0 | G9: 0 | H9: 0.4837 | I9: 0.00042 | J9: 0.4992 | K9: 0.0954 | L9: 0.0002 | M9: 348.76 | O9: 100 | P9: 3046 | Q9: 0 | R9: 0 | S9: 0.4465 | T9: 0.004394 | U9: 0.4911 | V9: 0.1223 | W9: -0.0022 | X9: 338.42 | Z9: 100 | AA9: 3046 | AB9: 0 | AC9: 0 | AD9: 0.4267 | AE9: 0.008307 | AF9: 0.4833 | AG9: 0.1336 | AH9: -0.0038 | AI9: 325.07 | AK9: 99.5 | AL9: 3027 | AM9: 14 | AN9: 5 | AO9: 0.3239 | AP9: 0.04697 | AQ9: 0.4061 | AR9: 0.1692 | AS9: -0.0133 | AT9: 234.74
A10: 700 | B10: 1000 | D10: 100 | E10: 3046 | F10: 0 | G10: 0 | H10: 0.4825 | I10: 0.000479 | J10: 0.499 | K10: 0.0954 | L10: 0.0001 | M10: 464.42 | O10: 100 | P10: 3046 | Q10: 0 | R10: 0 | S10: 0.4429 | T10: 0.004968 | U10: 0.49 | V10: 0.1223 | W10: -0.0012 | X10: 446.5 | Z10: 100 | AA10: 3046 | AB10: 0 | AC10: 0 | AD10: 0.4207 | AE10: 0.009689 | AF10: 0.4804 | AG10: 0.1337 | AH10: 0.0003 | AI10: 423.74 | AK10: 99.2 | AL10: 3000 | AM10: 23 | AN10: 23 | AO10: 0.3113 | AP10: 0.054255 | AQ10: 0.3914 | AR10: 0.1677 | AS10: -0.0231 | AT10: 289.59
A11: 800 | B11: 1000 | D11: 100 | E11: 3046 | F11: 0 | G11: 0 | H11: 0.4813 | I11: 0.000535 | J11: 0.4989 | K11: 0.0954 | L11: 0 | M11: 596.47 | O11: 100 | P11: 3046 | Q11: 0 | R11: 0 | S11: 0.4397 | T11: 0.005547 | U11: 0.4889 | V11: 0.1223 | W11: -0.002 | X11: 568.42 | Z11: 100 | AA11: 3046 | AB11: 0 | AC11: 0 | AD11: 0.4167 | AE11: 0.010637 | AF11: 0.4785 | AG11: 0.1338 | AH11: -0.0039 | AI11: 535.22 | AK11: 98.9 | AL11: 2983 | AM11: 32 | AN11: 31 | AO11: 0.3025 | AP11: 0.059058 | AQ11: 0.3818 | AR11: 0.1673 | AS11: -0.0242 | AT11: 345.51
A12: 900 | B12: 1000 | D12: 100 | E12: 3046 | F12: 0 | G12: 0 | H12: 0.4804 | I12: 0.000593 | J12: 0.4988 | K12: 0.0954 | L12: -0.0004 | M12: 745.1 | O12: 100 | P12: 3046 | Q12: 0 | R12: 0 | S12: 0.4355 | T12: 0.006333 | U12: 0.4873 | V12: 0.1223 | W12: -0.0015 | X12: 702.46 | Z12: 100 | AA12: 3046 | AB12: 0 | AC12: 0 | AD12: 0.4103 | AE12: 0.012309 | AF12: 0.4751 | AG12: 0.1337 | AH12: -0.0023 | AI12: 654.64 | AK12: 98.4 | AL12: 2963 | AM12: 50 | AN12: 33 | AO12: 0.2982 | AP12: 0.062462 | AQ12: 0.3751 | AR12: 0.1656 | AS12: -0.0192 | AT12: 401.63
A13: 1000 | B13: 1000 | D13: 100 | E13: 3046 | F13: 0 | G13: 0 | H13: 0.4795 | I13: 0.000659 | J13: 0.4987 | K13: 0.0954 | L13: -0.0005 | M13: 910.12 | O13: 100 | P13: 3046 | Q13: 0 | R13: 0 | S13: 0.4327 | T13: 0.006869 | U13: 0.4862 | V13: 0.1223 | W13: -0.0035 | X13: 850.35 | Z13: 100 | AA13: 3046 | AB13: 0 | AC13: 0 | AD13: 0.4046 | AE13: 0.01382 | AF13: 0.4722 | AG13: 0.1336 | AH13: -0.002 | AI13: 781.02 | AK13: 97.5 | AL13: 2922 | AM13: 75 | AN13: 49 | AO13: 0.2918 | AP13: 0.06847 | AQ13: 0.363 | AR13: 0.1758 | AS13: -0.0258 | AT13: 455.4
A14: 1100 | B14: 1000 | D14: 100 | E14: 3046 | F14: 0 | G14: 0 | H14: 0.4786 | I14: 0.000718 | J14: 0.4986 | K14: 0.0954 | L14: -0.0004 | M14: -1 | O14: 100 | P14: 3046 | Q14: 0 | R14: 0 | S14: 0.429 | T14: 0.00756 | U14: 0.4848 | V14: 0.1223 | W14: -0.0021 | X14: 17167.24 | Z14: 100 | AA14: 3046 | AB14: 0 | AC14: 0 | AD14: 0.3995 | AE14: 0.015258 | AF14: 0.4693 | AG14: 0.1336 | AH14: -0.0065 | AI14: 7364.55 | AK14: 96.8 | AL14: 2867 | AM14: 97 | AN14: 82 | AO14: 0.2829 | AP14: 0.075414 | AQ14: 0.3491 | AR14: 0.1645 | AS14: -0.01 | AT14: 1377.18
... A59: 5600 | B59: 996 | D59: 100 | E59: 3046 | F59: 0 | G59: 0 | H59: 0.4513 | I59: 0.003673 | J59: 0.4927 | K59: 0.0954 | L59: -0.0002 | M59: -1 | O59: 100 | P59: 3044 | Q59: 1 | R59: 1 | S59: 0.3482 | T59: 0.034522 | U59: 0.4309 | V59: 0.1223 | W59: -0.0024 | X59: 20210.36 | Z59: 98.8 | AA59: 2964 | AB59: 38 | AC59: 44 | AD59: 0.2886 | AE59: 0.067905 | AF59: 0.3642 | AG59: 0.1302 | AH59: -0.003 | AI59: 8691.97 | AK59: 56.2 | AL59: 287 | AM59: 1335 | AN59: 1424 | AO59: 0.5 | AP59: 0.226231 | AQ59: 0.0471 | AR59: 0.0942 | AS59: -1 | AT59: 1414.18
A60: 5700 | B60: 1000 | D60: 100 | E60: 3046 | F60: 0 | G60: 0 | H60: 0.4509 | I60: 0.003738 | J60: 0.4925 | K60: 0.0954 | L60: -0.0002 | M60: -1 | O60: 100 | P60: 3042 | Q60: 1 | R60: 3 | S60: 0.3474 | T60: 0.034944 | U60: 0.43 | V60: 0.1221 | W60: -0.0029 | X60: 20349.72 | Z60: 98.6 | AA60: 2959 | AB60: 43 | AC60: 44 | AD60: 0.2872 | AE60: 0.069067 | AF60: 0.3619 | AG60: 0.1298 | AH60: -0.0022 | AI60: 8618.05
A61: 5800 | B61: 1000 | D61: 100 | E61: 3046 | F61: 0 | G61: 0 | H61: 0.4507 | I61: 0.003789 | J61: 0.4924 | K61: 0.0954 | L61: -0.0003 | M61: -1 | O61: 99.9 | P61: 3041 | Q61: 2 | R61: 3 | S61: 0.3456 | T61: 0.035647 | U61: 0.4286 | V61: 0.1221 | W61: -0.0026 | X61: 21094.23 | Z61: 98.5 | AA61: 2951 | AB61: 45 | AC61: 50 | AD61: 0.2864 | AE61: 0.069938 | AF61: 0.3601 | AG61: 0.1294 | AH61: -0.0052 | AI61: 8495.54
A62: 5900 | B62: 1000 | D62: 100 | E62: 3046 | F62: 0 | G62: 0 | H62: 0.4504 | I62: 0.00385 | J62: 0.4923 | K62: 0.0954 | L62: 0 | M62: -1 | O62: 99.9 | P62: 3040 | Q62: 3 | R62: 3 | S62: 0.3432 | T62: 0.036577 | U62: 0.4268 | V62: 0.122 | W62: -0.0009 | X62: 20861.37 | Z62: 98.4 | AA62: 2947 | AB62: 48 | AC62: 51 | AD62: 0.2841 | AE62: 0.071214 | AF62: 0.3576 | AG62: 0.1293 | AH62: -0.0038 | AI62: 8319.74
A63: 6000 | B63: 997 | D63: 100 | E63: 3046 | F63: 0 | G63: 0 | H63: 0.4501 | I63: 0.003903 | J63: 0.4922 | K63: 0.0954 | L63: 0 | M63: -1 | O63: 99.9 | P63: 3040 | Q63: 3 | R63: 3 | S63: 0.3425 | T63: 0.036895 | U63: 0.4261 | V63: 0.1221 | W63: -0.0016 | X63: 19463 | Z63: 98.3 | AA63: 2942 | AB63: 52 | AC63: 52 | AD63: 0.282 | AE63: 0.072461 | AF63: 0.3551 | AG63: 0.129 | AH63: -0.0059 | AI63: 8163.87
A64: 6100 | B64: 1000 | D64: 100 | E64: 3046 | F64: 0 | G64: 0 | H64: 0.4498 | I64: 0.003946 | J64: 0.4921 | K64: 0.0954 | L64: -0.0003 | M64: -1 | O64: 99.9 | P64: 3039 | Q64: 4 | R64: 3 | S64: 0.3414 | T64: 0.037497 | U64: 0.4249 | V64: 0.122 | W64: -0.0024 | X64: 18775.33 | Z64: 98.2 | AA64: 2935 | AB64: 55 | AC64: 56 | AD64: 0.2823 | AE64: 0.073042 | AF64: 0.3539 | AG64: 0.1287 | AH64: -0.0047 | AI64: 8049.07
A65: 6200 | B65: 1000 | D65: 100 | E65: 3046 | F65: 0 | G65: 0 | H65: 0.4493 | I65: 0.004013 | J65: 0.492 | K65: 0.0954 | L65: -0.0006 | M65: -1 | O65: 99.9 | P65: 3039 | Q65: 4 | R65: 3 | S65: 0.3402 | T65: 0.037848 | U65: 0.4242 | V65: 0.122 | W65: -0.0012 | X65: 18375.91 | Z65: 98.1 | AA65: 2924 | AB65: 59 | AC65: 63 | AD65: 0.2816 | AE65: 0.074021 | AF65: 0.3519 | AG65: 0.1283 | AH65: -0.0065 | AI65: 8309.02
A66: 6300 | B66: 1000 | D66: 100 | E66: 3046 | F66: 0 | G66: 0 | H66: 0.4491 | I66: 0.004079 | J66: 0.4918 | K66: 0.0954 | L66: -0.0001 | M66: -1 | O66: 99.9 | P66: 3039 | Q66: 4 | R66: 3 | S66: 0.3394 | T66: 0.038354 | U66: 0.4232 | V66: 0.122 | W66: -0.0033 | X66: 18388.14 | Z66: 97.8 | AA66: 2913 | AB66: 66 | AC66: 67 | AD66: 0.2806 | AE66: 0.075279 | AF66: 0.3494 | AG66: 0.1278 | AH66: -0.0065 | AI66: 8453.75
A67: 6400 | B67: 1000 | D67: 100 | E67: 3046 | F67: 0 | G67: 0 | H67: 0.4484 | I67: 0.004171 | J67: 0.4917 | K67: 0.0954 | L67: -0.0001 | M67: -1 | O67: 99.9 | P67: 3039 | Q67: 4 | R67: 3 | S67: 0.338 | T67: 0.038981 | U67: 0.4219 | V67: 0.122 | W67: -0.001 | X67: 18612.71 | Z67: 97.7 | AA67: 2904 | AB67: 69 | AC67: 73 | AD67: 0.2801 | AE67: 0.076099 | AF67: 0.3478 | AG67: 0.1277 | AH67: -0.0047 | AI67: 8607.67
A68: 6500 | B68: 1000 | D68: 100 | E68: 3046 | F68: 0 | G68: 0 | H68: 0.4479 | I68: 0.004235 | J68: 0.4915 | K68: 0.0954 | L68: -0.0004 | M68: -1 | O68: 99.9 | P68: 3039 | Q68: 4 | R68: 3 | S68: 0.3358 | T68: 0.039752 | U68: 0.4204 | V68: 0.122 | W68: -0.0022 | X68: 18119.73 | Z68: 97.6 | AA68: 2896 | AB68: 74 | AC68: 76 | AD68: 0.2781 | AE68: 0.077385 | AF68: 0.3452 | AG68: 0.1272 | AH68: -0.0015 | AI68: 8904.31
A69: 6600 | B69: 1000 | D69: 100 | E69: 3046 | F69: 0 | G69: 0 | H69: 0.4475 | I69: 0.004295 | J69: 0.4914 | K69: 0.0954 | L69: 0 | M69: -1 | O69: 99.9 | P69: 3039 | Q69: 4 | R69: 3 | S69: 0.3337 | T69: 0.040681 | U69: 0.4185 | V69: 0.122 | W69: -0.0015 | X69: 17951.09 | Z69: 97.5 | AA69: 2892 | AB69: 75 | AC69: 79 | AD69: 0.278 | AE69: 0.077857 | AF69: 0.3443 | AG69: 0.1269 | AH69: -0.0008 | AI69: 8470.76
A70: 6700 | B70: 1000 | D70: 100 | E70: 3046 | F70: 0 | G70: 0 | H70: 0.4468 | I70: 0.004411 | J70: 0.4912 | K70: 0.0954 | L70: -0.0007 | M70: -1 | O70: 99.9 | P70: 3039 | Q70: 4 | R70: 3 | S70: 0.3327 | T70: 0.041261 | U70: 0.4174 | V70: 0.122 | W70: -0.0024 | X70: 17192.92 | Z70: 97.3 | AA70: 2883 | AB70: 83 | AC70: 80 | AD70: 0.2772 | AE70: 0.078701 | AF70: 0.3426 | AG70: 0.1265 | AH70: -0.0045 | AI70: 8300.15
A71: 6800 | B71: 991 | D71: 100 | E71: 3046 | F71: 0 | G71: 0 | H71: 0.4464 | I71: 0.004489 | J71: 0.491 | K71: 0.0954 | L71: -0.0001 | M71: -1 | O71: 99.9 | P71: 3039 | Q71: 4 | R71: 3 | S71: 0.3316 | T71: 0.041774 | U71: 0.4164 | V71: 0.1221 | W71: -0.0026 | X71: 17465.43 | Z71: 97.1 | AA71: 2876 | AB71: 87 | AC71: 83 | AD71: 0.2763 | AE71: 0.079632 | AF71: 0.3407 | AG71: 0.1262 | AH71: -0.0046 | AI71: 8314.91
... A103: 10000 | B103: 1000 | D103: 100 | E103: 3046 | F103: 0 | G103: 0 | H103: 0.4358 | I103: 0.006472 | J103: 0.4871 | K103: 0.0954 | L103: -0.0004 | M103: -1 | O103: 99.4 | P103: 3007 | Q103: 18 | R103: 21 | S103: 0.3045 | T103: 0.056962 | U103: 0.386 | V103: 0.1207 | W103: -0.0001 | X103: 22411.61 | Z103: 90.7 | AA103: 2505 | AB103: 282 | AC103: 259 | AD103: 0.264 | AE103: 0.106497 | AF103: 0.287 | AG103: 0.1101 | AH103: -0.0069 | AI103: 8312.15

Sheet Sheet1
B1: PercSeedGenoRet | G1: =Default_results!E2 -> numSegSites | L1: =Default_results!F2 -> allelesLost | Q1: =Default_results!G2 -> allelesFixed | V1: =Default_results!H2 -> avMinorFreq | AA1: =Default_results!I2 -> freqVariance | AF1: =Default_results!J2 -> TajimaPi | AK1: =Default_results!K2 -> WattersonsTheta | AP1: =Default_results!L2 -> Fis | AU1: =Default_results!M2 -> NeHeterozygosity
A2: =Default_results!A2 -> year | B2: =Default_results!$D1 -> 10000 | C2: =Default_results!$O1 -> 1000 | D2: =Default_results!$Z1 -> 500 | E2: =Default_results!$AK1 -> 100 | G2: =Default_results!$D1 -> 10000 | H2: =Default_results!$O1 -> 1000 | I2: =Default_results!$Z1 -> 500 | J2: =Default_results!$AK1 -> 100 | L2: =Default_results!$D1 -> 10000 | M2: =Default_results!$O1 -> 1000 | N2: =Default_results!$Z1 -> 500 | O2: =Default_results!$AK1 -> 100 | Q2: =Default_results!$D1 -> 10000 | R2: =Default_results!$O1 -> 1000 | S2: =Default_results!$Z1 -> 500 | T2: =Default_results!$AK1 -> 100 | V2: =Default_results!$D1 -> 10000 | W2: =Default_results!$O1 -> 1000 | X2: =Default_results!$Z1 -> 500 | Y2: =Default_results!$AK1 -> 100 | AA2: =Default_results!$D1 -> 10000 | AB2: =Default_results!$O1 -> 1000 | AC2: =Default_results!$Z1 -> 500 | AD2: =Default_results!$AK1 -> 100 | AF2: =Default_results!$D1 -> 10000 | AG2: =Default_results!$O1 -> 1000 | AH2: =Default_results!$Z1 -> 500 | AI2: =Default_results!$AK1 -> 100 | AK2: =Default_results!$D1 -> 10000 | AL2: =Default_results!$O1 -> 1000 | AM2: =Default_results!$Z1 -> 500 | AN2: =Default_results!$AK1 -> 100 | AP2: =Default_results!$D1 -> 10000 | AQ2: =Default_results!$O1 -> 1000 | AR2: =Default_results!$Z1 -> 500 | AS2: =Default_results!$AK1 -> 100 | AU2: =Default_results!$D1 -> 10000 | AV2: =Default_results!$O1 -> 1000 | AW2: =Default_results!$Z1 -> 500 | AX2: =Default_results!$AK1 -> 100
A3: =Default_results!A3 -> 0 | B3: =Default_results!D3 -> 100.9 | C3: =Default_results!O3 -> 100.9 | D3: =Default_results!Z3 -> 100.9 | E3: =Default_results!AK3 -> 100.9 | G3: =Default_results!E3 -> 3046 | H3: =Default_results!P3 -> 3046 | I3: =Default_results!AA3 -> 3046 | J3: =Default_results!AL3 -> 3046 | L3: =Default_results!F3 -> 0 | M3: =Default_results!Q3 -> 0 | N3: =Default_results!AB3 -> 0 | O3: =Default_results!AM3 -> 0 | Q3: =Default_results!G3 -> 0 | R3: =Default_results!R3 -> 0 | S3: =Default_results!AC3 -> 0 | T3: =Default_results!$AN3 -> 0 | V3: =Default_results!$D3 -> 100.9 | W3: =Default_results!$O3 -> 100.9 | X3: =Default_results!$Z3 -> 100.9 | Y3: =Default_results!$AK3 -> 100.9 | AA3: =Default_results!I3 -> 0 | AB3: =Default_results!T3 -> 0 | AC3: =Default_results!AE3 -> 0 | AD3: =Default_results!AP3 -> 0 | AF3: =Default_results!J3 -> 0.5 | AG3: =Default_results!U3 -> 0.5 | AH3: =Default_results!AF3 -> 0.5 | AI3: =Default_results!AQ3 -> 0.5 | AK3: =Default_results!K3 -> 0.0959 | AL3: =Default_results!V3 -> 0.1231 | AM3: =Default_results!AG3 -> 0.1345 | AN3: =Default_results!AR3 -> 0.1731 | AU3: =Default_results!M3 -> -1 | AV3: =Default_results!X3 -> -1 | AW3: =Default_results!AI3 -> -1 | AX3: =Default_results!AT3 -> -1
A4: =Default_results!A4 -> 100 | B4: =Default_results!D4 -> 100.9 | C4: =Default_results!O4 -> 100 | D4: =Default_results!Z4 -> 100 | E4: =Default_results!AK4 -> 100 | G4: =Default_results!E4 -> 3046 | H4: =Default_results!P4 -> 3046 | I4: =Default_results!AA4 -> 3046 | J4: =Default_results!AL4 -> 3046 | L4: =Default_results!F4 -> 0 | M4: =Default_results!Q4 -> 0 | N4: =Default_results!AB4 -> 0 | O4: =Default_results!AM4 -> 0 | Q4: =Default_results!G4 -> 0 | R4: =Default_results!R4 -> 0 | S4: =Default_results!AC4 -> 0 | T4: =Default_results!$AN4 -> 0 | V4: =Default_results!$D4 -> 100.9 | W4: =Default_results!$O4 -> 100 | X4: =Default_results!$Z4 -> 100 | Y4: =Default_results!$AK4 -> 100 | AA4: =Default_results!I4 -> 8.7e-05 | AB4: =Default_results!T4 -> 0.000726 | AC4: =Default_results!AE4 -> 0.001546 | AD4: =Default_results!AP4 -> 0.008868 | AF4: =Default_results!J4 -> 0.4998 | AG4: =Default_results!U4 -> 0.4985 | AH4: =Default_results!AF4 -> 0.4969 | AI4: =Default_results!AQ4 -> 0.4821 | AK4: =Default_results!K4 -> 0.0959 | AL4: =Default_results!V4 -> 0.1223 | AM4: =Default_results!AG4 -> 0.1375 | AN4: =Default_results!AR4 -> 0.1939 | AP4: =Default_results!L4 -> -0.0008 | AQ4: =Default_results!W4 -> -0.0016 | AR4: =Default_results!AH4 -> -0.0143 | AS4: =Default_results!AS4 -> -0.0131 | AU4: =Default_results!M4 -> -1 | AV4: =Default_results!X4 -> -1 | AW4: =Default_results!AI4 -> -1 | AX4: =Default_results!AT4 -> -1
A5: =Default_results!A5 -> 200 | B5: =Default_results!D5 -> 100 | C5: =Default_results!O5 -> 100 | D5: =Default_results!Z5 -> 100 | E5: =Default_results!AK5 -> 100 | G5: =Default_results!E5 -> 3046 | H5: =Default_results!P5 -> 3046 | I5: =Default_results!AA5 -> 3046 | J5: =Default_results!AL5 -> 3046 | L5: =Default_results!F5 -> 0 | M5: =Default_results!Q5 -> 0 | N5: =Default_results!AB5 -> 0 | O5: =Default_results!AM5 -> 0 | Q5: =Default_results!G5 -> 0 | R5: =Default_results!R5 -> 0 | S5: =Default_results!AC5 -> 0 | T5: =Default_results!$AN5 -> 0 | V5: =Default_results!$D5 -> 100 | W5: =Default_results!$O5 -> 100 | X5: =Default_results!$Z5 -> 100 | Y5: =Default_results!$AK5 -> 100 | AA5: =Default_results!I5 -> 0.000148 | AB5: =Default_results!T5 -> 0.001428 | AC5: =Default_results!AE5 -> 0.002817 | AD5: =Default_results!AP5 -> 0.020737 | AF5: =Default_results!J5 -> 0.4997 | AG5: =Default_results!U5 -> 0.4971 | AH5: =Default_results!AF5 -> 0.4943 | AI5: =Default_results!AQ5 -> 0.4585 | AK5: =Default_results!K5 -> 0.0954 | AL5: =Default_results!V5 -> 0.1224 | AM5: =Default_results!AG5 -> 0.1339 | AN5: =Default_results!AR5 -> 0.1849 | AP5: =Default_results!L5 -> -0.0001 | AQ5: =Default_results!W5 -> -0.0046 | AR5: =Default_results!AH5 -> -0.0039 | AS5: =Default_results!AS5 -> -0.0256 | AU5: =Default_results!M5 -> -1 | AV5: =Default_results!X5 -> -1 | AW5: =Default_results!AI5 -> -1 | AX5: =Default_results!AT5 -> -1
A6: =Default_results!A6 -> 300 | B6: =Default_results!D6 -> 100 | C6: =Default_results!O6 -> 100 | D6: =Default_results!Z6 -> 100 | E6: =Default_results!AK6 -> 100 | G6: =Default_results!E6 -> 3046 | H6: =Default_results!P6 -> 3046 | I6: =Default_results!AA6 -> 3046 | J6: =Default_results!AL6 -> 3046 | L6: =Default_results!F6 -> 0 | M6: =Default_results!Q6 -> 0 | N6: =Default_results!AB6 -> 0 | O6: =Default_results!AM6 -> 0 | Q6: =Default_results!G6 -> 0 | R6: =Default_results!R6 -> 0 | S6: =Default_results!AC6 -> 0 | T6: =Default_results!$AN6 -> 0 | V6: =Default_results!$D6 -> 100 | W6: =Default_results!$O6 -> 100 | X6: =Default_results!$Z6 -> 100 | Y6: =Default_results!$AK6 -> 100 | AA6: =Default_results!I6 -> 0.000223 | AB6: =Default_results!T6 -> 0.002093 | AC6: =Default_results!AE6 -> 0.00393 | AD6: =Default_results!AP6 -> 0.027404 | AF6: =Default_results!J6 -> 0.4996 | AG6: =Default_results!U6 -> 0.4958 | AH6: =Default_results!AF6 -> 0.4921 | AI6: =Default_results!AQ6 -> 0.4451 | AK6: =Default_results!K6 -> 0.0954 | AL6: =Default_results!V6 -> 0.1223 | AM6: =Default_results!AG6 -> 0.1336 | AN6: =Default_results!AR6 -> 0.1774 | AP6: =Default_results!L6 -> 0.0002 | AQ6: =Default_results!W6 -> -0.0016 | AR6: =Default_results!AH6 -> -0.007 | AS6: =Default_results!AS6 -> -0.0267 | AU6: =Default_results!M6 -> -1 | AV6: =Default_results!X6 -> -1 | AW6: =Default_results!AI6 -> -1 | AX6: =Default_results!AT6 -> -1
A7: =Default_results!A7 -> 400 | B7: =Default_results!D7 -> 100 | C7: =Default_results!O7 -> 100 | D7: =Default_results!Z7 -> 100 | E7: =Default_results!AK7 -> 99.9 | G7: =Default_results!E7 -> 3046 | H7: =Default_results!P7 -> 3046 | I7: =Default_results!AA7 -> 3046 | J7: =Default_results!AL7 -> 3041 | L7: =Default_results!F7 -> 0 | M7: =Default_results!Q7 -> 0 | N7: =Default_results!AB7 -> 0 | O7: =Default_results!AM7 -> 3 | Q7: =Default_results!G7 -> 0 | R7: =Default_results!R7 -> 0 | S7: =Default_results!AC7 -> 0 | T7: =Default_results!$AN7 -> 2 | V7: =Default_results!$D7 -> 100 | W7: =Default_results!$O7 -> 100 | X7: =Default_results!$Z7 -> 100 | Y7: =Default_results!$AK7 -> 99.9 | AA7: =Default_results!I7 -> 0.000282 | AB7: =Default_results!T7 -> 0.002856 | AC7: =Default_results!AE7 -> 0.005122 | AD7: =Default_results!AP7 -> 0.036418 | AF7: =Default_results!J7 -> 0.4994 | AG7: =Default_results!U7 -> 0.4943 | AH7: =Default_results!AF7 -> 0.4896 | AI7: =Default_results!AQ7 -> 0.4272 | AK7: =Default_results!K7 -> 0.0954 | AL7: =Default_results!V7 -> 0.1223 | AM7: =Default_results!AG7 -> 0.1336 | AN7: =Default_results!AR7 -> 0.1706 | AP7: =Default_results!L7 -> -0.0004 | AQ7: =Default_results!W7 -> -0.0033 | AR7: =Default_results!AH7 -> -0.0053 | AS7: =Default_results!AS7 -> -0.0278 | AU7: =Default_results!M7 -> -1 | AV7: =Default_results!X7 -> -1 | AW7: =Default_results!AI7 -> -1 | AX7: =Default_results!AT7 -> -1
A8: =Default_results!A8 -> 500 | B8: =Default_results!D8 -> 100 | C8: =Default_results!O8 -> 100 | D8: =Default_results!Z8 -> 100 | E8: =Default_results!AK8 -> 99.7 | G8: =Default_results!E8 -> 3046 | H8: =Default_results!P8 -> 3046 | I8: =Default_results!AA8 -> 3046 | J8: =Default_results!AL8 -> 3034 | L8: =Default_results!F8 -> 0 | M8: =Default_results!Q8 -> 0 | N8: =Default_results!AB8 -> 0 | O8: =Default_results!AM8 -> 8 | Q8: =Default_results!G8 -> 0 | R8: =Default_results!R8 -> 0 | S8: =Default_results!AC8 -> 0 | T8: =Default_results!$AN8 -> 4 | V8: =Default_results!$D8 -> 100 | W8: =Default_results!$O8 -> 100 | X8: =Default_results!$Z8 -> 100 | Y8: =Default_results!$AK8 -> 99.7 | AA8: =Default_results!I8 -> 0.000346 | AB8: =Default_results!T8 -> 0.003783 | AC8: =Default_results!AE8 -> 0.006748 | AD8: =Default_results!AP8 -> 0.041772 | AF8: =Default_results!J8 -> 0.4993 | AG8: =Default_results!U8 -> 0.4924 | AH8: =Default_results!AF8 -> 0.4865 | AI8: =Default_results!AQ8 -> 0.4165 | AK8: =Default_results!K8 -> 0.0954 | AL8: =Default_results!V8 -> 0.1223 | AM8: =Default_results!AG8 -> 0.1336 | AN8: =Default_results!AR8 -> 0.1696 | AP8: =Default_results!L8 -> -0.0005 | AQ8: =Default_results!W8 -> -0.0023 | AR8: =Default_results!AH8 -> 0.0034 | AS8: =Default_results!AS8 -> -0.0057 | AU8: =Default_results!M8 -> 249.4 | AV8: =Default_results!X8 -> 244.09 | AW8: =Default_results!AI8 -> 236.72 | AX8: =Default_results!AT8 -> 181.56
A9: =Default_results!A9 -> 600 | B9: =Default_results!D9 -> 100 | C9: =Default_results!O9 -> 100 | D9: =Default_results!Z9 -> 100 | E9: =Default_results!AK9 -> 99.5 | G9: =Default_results!E9 -> 3046 | H9: =Default_results!P9 -> 3046 | I9: =Default_results!AA9 -> 3046 | J9: =Default_results!AL9 -> 3027 | L9: =Default_results!F9 -> 0 | M9: =Default_results!Q9 -> 0 | N9: =Default_results!AB9 -> 0 | O9: =Default_results!AM9 -> 14 | Q9: =Default_results!G9 -> 0 | R9: =Default_results!R9 -> 0 | S9: =Default_results!AC9 -> 0 | T9: =Default_results!$AN9 -> 5 | V9: =Default_results!$D9 -> 100 | W9: =Default_results!$O9 -> 100 | X9: =Default_results!$Z9 -> 100 | Y9: =Default_results!$AK9 -> 99.5 | AA9: =Default_results!I9 -> 0.00042 | AB9: =Default_results!T9 -> 0.004394 | AC9: =Default_results!AE9 -> 0.008307 | AD9: =Default_results!AP9 -> 0.04697 | AF9: =Default_results!J9 -> 0.4992 | AG9: =Default_results!U9 -> 0.4911 | AH9: =Default_results!AF9 -> 0.4833 | AI9: =Default_results!AQ9 -> 0.4061 | AK9: =Default_results!K9 -> 0.0954 | AL9: =Default_results!V9 -> 0.1223 | AM9: =Default_results!AG9 -> 0.1336 | AN9: =Default_results!AR9 -> 0.1692 | AP9: =Default_results!L9 -> 0.0002 | AQ9: =Default_results!W9 -> -0.0022 | AR9: =Default_results!AH9 -> -0.0038 | AS9: =Default_results!AS9 -> -0.0133 | AU9: =Default_results!M9 -> 348.76 | AV9: =Default_results!X9 -> 338.42 | AW9: =Default_results!AI9 -> 325.07 | AX9: =Default_results!AT9 -> 234.74
A10: =Default_results!A10 -> 700 | B10: =Default_results!D10 -> 100 | C10: =Default_results!O10 -> 100 | D10: =Default_results!Z10 -> 100 | E10: =Default_results!AK10 -> 99.2 | G10: =Default_results!E10 -> 3046 | H10: =Default_results!P10 -> 3046 | I10: =Default_results!AA10 -> 3046 | J10: =Default_results!AL10 -> 3000 | L10: =Default_results!F10 -> 0 | M10: =Default_results!Q10 -> 0 | N10: =Default_results!AB10 -> 0 | O10: =Default_results!AM10 -> 23 | Q10: =Default_results!G10 -> 0 | R10: =Default_results!R10 -> 0 | S10: =Default_results!AC10 -> 0 | T10: =Default_results!$AN10 -> 23 | V10: =Default_results!$D10 -> 100 | W10: =Default_results!$O10 -> 100 | X10: =Default_results!$Z10 -> 100 | Y10: =Default_results!$AK10 -> 99.2 | AA10: =Default_results!I10 -> 0.000479 | AB10: =Default_results!T10 -> 0.004968 | AC10: =Default_results!AE10 -> 0.009689 | AD10: =Default_results!AP10 -> 0.054255 | AF10: =Default_results!J10 -> 0.499 | AG10: =Default_results!U10 -> 0.49 | AH10: =Default_results!AF10 -> 0.4804 | AI10: =Default_results!AQ10 -> 0.3914 | AK10: =Default_results!K10 -> 0.0954 | AL10: =Default_results!V10 -> 0.1223 | AM10: =Default_results!AG10 -> 0.1337 | AN10: =Default_results!AR10 -> 0.1677 | AP10: =Default_results!L10 -> 0.0001 | AQ10: =Default_results!W10 -> -0.0012 | AR10: =Default_results!AH10 -> 0.0003 | AS10: =Default_results!AS10 -> -0.0231 | AU10: =Default_results!M10 -> 464.42 | AV10: =Default_results!X10 -> 446.5 | AW10: =Default_results!AI10 -> 423.74 | AX10: =Default_results!AT10 -> 289.59
A11: =Default_results!A11 -> 800 | B11: =Default_results!D11 -> 100 | C11: =Default_results!O11 -> 100 | D11: =Default_results!Z11 -> 100 | E11: =Default_results!AK11 -> 98.9 | G11: =Default_results!E11 -> 3046 | H11: =Default_results!P11 -> 3046 | I11: =Default_results!AA11 -> 3046 | J11: =Default_results!AL11 -> 2983 | L11: =Default_results!F11 -> 0 | M11: =Default_results!Q11 -> 0 | N11: =Default_results!AB11 -> 0 | O11: =Default_results!AM11 -> 32 | Q11: =Default_results!G11 -> 0 | R11: =Default_results!R11 -> 0 | S11: =Default_results!AC11 -> 0 | T11: =Default_results!$AN11 -> 31 | V11: =Default_results!$D11 -> 100 | W11: =Default_results!$O11 -> 100 | X11: =Default_results!$Z11 -> 100 | Y11: =Default_results!$AK11 -> 98.9 | AA11: =Default_results!I11 -> 0.000535 | AB11: =Default_results!T11 -> 0.005547 | AC11: =Default_results!AE11 -> 0.010637 | AD11: =Default_results!AP11 -> 0.059058 | AF11: =Default_results!J11 -> 0.4989 | AG11: =Default_results!U11 -> 0.4889 | AH11: =Default_results!AF11 -> 0.4785 | AI11: =Default_results!AQ11 -> 0.3818 | AK11: =Default_results!K11 -> 0.0954 | AL11: =Default_results!V11 -> 0.1223 | AM11: =Default_results!AG11 -> 0.1338 | AN11: =Default_results!AR11 -> 0.1673 | AP11: =Default_results!L11 -> 0 | AQ11: =Default_results!W11 -> -0.002 | AR11: =Default_results!AH11 -> -0.0039 | AS11: =Default_results!AS11 -> -0.0242 | AU11: =Default_results!M11 -> 596.47 | AV11: =Default_results!X11 -> 568.42 | AW11: =Default_results!AI11 -> 535.22 | AX11: =Default_results!AT11 -> 345.51
A12: =Default_results!A12 -> 900 | B12: =Default_results!D12 -> 100 | C12: =Default_results!O12 -> 100 | D12: =Default_results!Z12 -> 100 | E12: =Default_results!AK12 -> 98.4 | G12: =Default_results!E12 -> 3046 | H12: =Default_results!P12 -> 3046 | I12: =Default_results!AA12 -> 3046 | J12: =Default_results!AL12 -> 2963 | L12: =Default_results!F12 -> 0 | M12: =Default_results!Q12 -> 0 | N12: =Default_results!AB12 -> 0 | O12: =Default_results!AM12 -> 50 | Q12: =Default_results!G12 -> 0 | R12: =Default_results!R12 -> 0 | S12: =Default_results!AC12 -> 0 | T12: =Default_results!$AN12 -> 33 | V12: =Default_results!$D12 -> 100 | W12: =Default_results!$O12 -> 100 | X12: =Default_results!$Z12 -> 100 | Y12: =Default_results!$AK12 -> 98.4 | AA12: =Default_results!I12 -> 0.000593 | AB12: =Default_results!T12 -> 0.006333 | AC12: =Default_results!AE12 -> 0.012309 | AD12: =Default_results!AP12 -> 0.062462 | AF12: =Default_results!J12 -> 0.4988 | AG12: =Default_results!U12 -> 0.4873 | AH12: =Default_results!AF12 -> 0.4751 | AI12: =Default_results!AQ12 -> 0.3751 | AK12: =Default_results!K12 -> 0.0954 | AL12: =Default_results!V12 -> 0.1223 | AM12: =Default_results!AG12 -> 0.1337 | AN12: =Default_results!AR12 -> 0.1656 | AP12: =Default_results!L12 -> -0.0004 | AQ12: =Default_results!W12 -> -0.0015 | AR12: =Default_results!AH12 -> -0.0023 | AS12: =Default_results!AS12 -> -0.0192 | AU12: =Default_results!M12 -> 745.1 | AV12: =Default_results!X12 -> 702.46 | AW12: =Default_results!AI12 -> 654.64 | AX12: =Default_results!AT12 -> 401.63
A13: =Default_results!A13 -> 1000 | B13: =Default_results!D13 -> 100 | C13: =Default_results!O13 -> 100 | D13: =Default_results!Z13 -> 100 | E13: =Default_results!AK13 -> 97.5 | G13: =Default_results!E13 -> 3046 | H13: =Default_results!P13 -> 3046 | I13: =Default_results!AA13 -> 3046 | J13: =Default_results!AL13 -> 2922 | L13: =Default_results!F13 -> 0 | M13: =Default_results!Q13 -> 0 | N13: =Default_results!AB13 -> 0 | O13: =Default_results!AM13 -> 75 | Q13: =Default_results!G13 -> 0 | R13: =Default_results!R13 -> 0 | S13: =Default_results!AC13 -> 0 | T13: =Default_results!$AN13 -> 49 | V13: =Default_results!$D13 -> 100 | W13: =Default_results!$O13 -> 100 | X13: =Default_results!$Z13 -> 100 | Y13: =Default_results!$AK13 -> 97.5 | AA13: =Default_results!I13 -> 0.000659 | AB13: =Default_results!T13 -> 0.006869 | AC13: =Default_results!AE13 -> 0.01382 | AD13: =Default_results!AP13 -> 0.06847 | AF13: =Default_results!J13 -> 0.4987 | AG13: =Default_results!U13 -> 0.4862 | AH13: =Default_results!AF13 -> 0.4722 | AI13: =Default_results!AQ13 -> 0.363 | AK13: =Default_results!K13 -> 0.0954 | AL13: =Default_results!V13 -> 0.1223 | AM13: =Default_results!AG13 -> 0.1336 | AN13: =Default_results!AR13 -> 0.1758 | AP13: =Default_results!L13 -> -0.0005 | AQ13: =Default_results!W13 -> -0.0035 | AR13: =Default_results!AH13 -> -0.002 | AS13: =Default_results!AS13 -> -0.0258 | AU13: =Default_results!M13 -> 910.12 | AV13: =Default_results!X13 -> 850.35 | AW13: =Default_results!AI13 -> 781.02 | AX13: =Default_results!AT13 -> 455.4
A14: =Default_results!A14 -> 1100 | B14: =Default_results!D14 -> 100 | C14: =Default_results!O14 -> 100 | D14: =Default_results!Z14 -> 100 | E14: =Default_results!AK14 -> 96.8 | G14: =Default_results!E14 -> 3046 | H14: =Default_results!P14 -> 3046 | I14: =Default_results!AA14 -> 3046 | J14: =Default_results!AL14 -> 2867 | L14: =Default_results!F14 -> 0 | M14: =Default_results!Q14 -> 0 | N14: =Default_results!AB14 -> 0 | O14: =Default_results!AM14 -> 97 | Q14: =Default_results!G14 -> 0 | R14: =Default_results!R14 -> 0 | S14: =Default_results!AC14 -> 0 | T14: =Default_results!$AN14 -> 82 | V14: =Default_results!$D14 -> 100 | W14: =Default_results!$O14 -> 100 | X14: =Default_results!$Z14 -> 100 | Y14: =Default_results!$AK14 -> 96.8 | AA14: =Default_results!I14 -> 0.000718 | AB14: =Default_results!T14 -> 0.00756 | AC14: =Default_results!AE14 -> 0.015258 | AD14: =Default_results!AP14 -> 0.075414 | AF14: =Default_results!J14 -> 0.4986 | AG14: =Default_results!U14 -> 0.4848 | AH14: =Default_results!AF14 -> 0.4693 | AI14: =Default_results!AQ14 -> 0.3491 | AK14: =Default_results!K14 -> 0.0954 | AL14: =Default_results!V14 -> 0.1223 | AM14: =Default_results!AG14 -> 0.1336 | AN14: =Default_results!AR14 -> 0.1645 | AP14: =Default_results!L14 -> -0.0004 | AQ14: =Default_results!W14 -> -0.0021 | AR14: =Default_results!AH14 -> -0.0065 | AS14: =Default_results!AS14 -> -0.01 | AU14: =Default_results!M14 -> -1 | AV14: =Default_results!X14 -> 17167.24 | AW14: =Default_results!AI14 -> 7364.55 | AX14: =Default_results!AT14 -> 1377.18
A15: =Default_results!A15 -> 1200 | B15: =Default_results!D15 -> 100 | C15: =Default_results!O15 -> 100 | D15: =Default_results!Z15 -> 100 | E15: =Default_results!AK15 -> 96.2 | G15: =Default_results!E15 -> 3046 | H15: =Default_results!P15 -> 3046 | I15: =Default_results!AA15 -> 3046 | J15: =Default_results!AL15 -> 2835 | L15: =Default_results!F15 -> 0 | M15: =Default_results!Q15 -> 0 | N15: =Default_results!AB15 -> 0 | O15: =Default_results!AM15 -> 115 | Q15: =Default_results!G15 -> 0 | R15: =Default_results!R15 -> 0 | S15: =Default_results!AC15 -> 0 | T15: =Default_results!$AN15 -> 96 | V15: =Default_results!$D15 -> 100 | W15: =Default_results!$O15 -> 100 | X15: =Default_results!$Z15 -> 100 | Y15: =Default_results!$AK15 -> 96.2 | AA15: =Default_results!I15 -> 0.000783 | AB15: =Default_results!T15 -> 0.008231 | AC15: =Default_results!AE15 -> 0.015986 | AD15: =Default_results!AP15 -> 0.079738 | AF15: =Default_results!J15 -> 0.4984 | AG15: =Default_results!U15 -> 0.4835 | AH15: =Default_results!AF15 -> 0.4679 | AI15: =Default_results!AQ15 -> 0.3405 | AK15: =Default_results!K15 -> 0.0954 | AL15: =Default_results!V15 -> 0.1223 | AM15: =Default_results!AG15 -> 0.1336 | AN15: =Default_results!AR15 -> 0.1585 | AP15: =Default_results!L15 -> -0.0006 | AQ15: =Default_results!W15 -> -0.0039 | AR15: =Default_results!AH15 -> -0.0021 | AS15: =Default_results!AS15 -> -0.0121 | AU15: =Default_results!M15 -> -1 | AV15: =Default_results!X15 -> 17033.66 | AW15: =Default_results!AI15 -> 8232.05 | AX15: =Default_results!AT15 -> 1401.41
... A57: =Default_results!A57 -> 5400 | B57: =Default_results!D57 -> 100 | C57: =Default_results!O57 -> 100 | D57: =Default_results!Z57 -> 98.9 | E57: =Default_results!AK57 -> 65.9 | G57: =Default_results!E57 -> 3046 | H57: =Default_results!P57 -> 3044 | I57: =Default_results!AA57 -> 2975 | J57: =Default_results!AL57 -> 904 | L57: =Default_results!F57 -> 0 | M57: =Default_results!Q57 -> 1 | N57: =Default_results!AB57 -> 34 | O57: =Default_results!AM57 -> 1040 | Q57: =Default_results!G57 -> 0 | R57: =Default_results!R57 -> 1 | S57: =Default_results!AC57 -> 37 | T57: =Default_results!$AN57 -> 1102 | V57: =Default_results!$D57 -> 100 | W57: =Default_results!$O57 -> 100 | X57: =Default_results!$Z57 -> 98.9 | Y57: =Default_results!$AK57 -> 65.9 | AA57: =Default_results!I57 -> 0.003549 | AB57: =Default_results!T57 -> 0.033471 | AC57: =Default_results!AE57 -> 0.065299 | AD57: =Default_results!AP57 -> 0.199877 | AF57: =Default_results!J57 -> 0.4929 | AG57: =Default_results!U57 -> 0.433 | AH57: =Default_results!AF57 -> 0.3694 | AI57: =Default_results!AQ57 -> 0.1 | AK57: =Default_results!K57 -> 0.0954 | AL57: =Default_results!V57 -> 0.1222 | AM57: =Default_results!AG57 -> 0.1305 | AN57: =Default_results!AR57 -> 0.0538 | AP57: =Default_results!L57 -> -0.0004 | AQ57: =Default_results!W57 -> -0.002 | AR57: =Default_results!AH57 -> -0.0045 | AS57: =Default_results!AS57 -> -0.0059 | AU57: =Default_results!M57 -> -1 | AV57: =Default_results!X57 -> 19509.93 | AW57: =Default_results!AI57 -> 8437.98 | AX57: =Default_results!AT57 -> 1581.78
A58: =Default_results!A58 -> 5500 | B58: =Default_results!D58 -> 100 | C58: =Default_results!O58 -> 100 | D58: =Default_results!Z58 -> 98.8 | E58: =Default_results!AK58 -> 64.5 | G58: =Default_results!E58 -> 3046 | H58: =Default_results!P58 -> 3044 | I58: =Default_results!AA58 -> 2967 | J58: =Default_results!AL58 -> 829 | L58: =Default_results!F58 -> 0 | M58: =Default_results!Q58 -> 1 | N58: =Default_results!AB58 -> 36 | O58: =Default_results!AM58 -> 1082 | Q58: =Default_results!G58 -> 0 | R58: =Default_results!R58 -> 1 | S58: =Default_results!AC58 -> 43 | T58: =Default_results!$AN58 -> 1135 | V58: =Default_results!$D58 -> 100 | W58: =Default_results!$O58 -> 100 | X58: =Default_results!$Z58 -> 98.8 | Y58: =Default_results!$AK58 -> 64.5 | AA58: =Default_results!I58 -> 0.003618 | AB58: =Default_results!T58 -> 0.03395 | AC58: =Default_results!AE58 -> 0.066796 | AD58: =Default_results!AP58 -> 0.203089 | AF58: =Default_results!J58 -> 0.4928 | AG58: =Default_results!U58 -> 0.432 | AH58: =Default_results!AF58 -> 0.3664 | AI58: =Default_results!AQ58 -> 0.0936 | AK58: =Default_results!K58 -> 0.0954 | AL58: =Default_results!V58 -> 0.1222 | AM58: =Default_results!AG58 -> 0.1301 | AN58: =Default_results!AR58 -> 0.0666 | AP58: =Default_results!L58 -> 0 | AQ58: =Default_results!W58 -> -0.0021 | AR58: =Default_results!AH58 -> -0.0029 | AU58: =Default_results!M58 -> -1 | AV58: =Default_results!X58 -> 19887.59 | AW58: =Default_results!AI58 -> 8887.9 | AX58: =Default_results!AT58 -> 1512.31
A59: =Default_results!A59 -> 5600 | B59: =Default_results!D59 -> 100 | C59: =Default_results!O59 -> 100 | D59: =Default_results!Z59 -> 98.8 | E59: =Default_results!AK59 -> 56.2 | G59: =Default_results!E59 -> 3046 | H59: =Default_results!P59 -> 3044 | I59: =Default_results!AA59 -> 2964 | J59: =Default_results!AL59 -> 287 | L59: =Default_results!F59 -> 0 | M59: =Default_results!Q59 -> 1 | N59: =Default_results!AB59 -> 38 | O59: =Default_results!AM59 -> 1335 | Q59: =Default_results!G59 -> 0 | R59: =Default_results!R59 -> 1 | S59: =Default_results!AC59 -> 44 | T59: =Default_results!$AN59 -> 1424 | V59: =Default_results!$D59 -> 100 | W59: =Default_results!$O59 -> 100 | X59: =Default_results!$Z59 -> 98.8 | Y59: =Default_results!$AK59 -> 56.2 | AA59: =Default_results!I59 -> 0.003673 | AB59: =Default_results!T59 -> 0.034522 | AC59: =Default_results!AE59 -> 0.067905 | AD59: =Default_results!AP59 -> 0.226231 | AF59: =Default_results!J59 -> 0.4927 | AG59: =Default_results!U59 -> 0.4309 | AH59: =Default_results!AF59 -> 0.3642 | AI59: =Default_results!AQ59 -> 0.0471 | AK59: =Default_results!K59 -> 0.0954 | AL59: =Default_results!V59 -> 0.1223 | AM59: =Default_results!AG59 -> 0.1302 | AN59: =Default_results!AR59 -> 0.0942 | AP59: =Default_results!L59 -> -0.0002 | AQ59: =Default_results!W59 -> -0.0024 | AR59: =Default_results!AH59 -> -0.003 | AU59: =Default_results!M59 -> -1 | AV59: =Default_results!X59 -> 20210.36 | AW59: =Default_results!AI59 -> 8691.97 | AX59: =Default_results!AT59 -> 1414.18
A60: =Default_results!A60 -> 5700 | B60: =Default_results!D60 -> 100 | C60: =Default_results!O60 -> 100 | D60: =Default_results!Z60 -> 98.6 | G60: =Default_results!E60 -> 3046 | H60: =Default_results!P60 -> 3042 | I60: =Default_results!AA60 -> 2959 | L60: =Default_results!F60 -> 0 | M60: =Default_results!Q60 -> 1 | N60: =Default_results!AB60 -> 43 | Q60: =Default_results!G60 -> 0 | R60: =Default_results!R60 -> 3 | S60: =Default_results!AC60 -> 44 | V60: =Default_results!$D60 -> 100 | W60: =Default_results!$O60 -> 100 | X60: =Default_results!$Z60 -> 98.6 | AA60: =Default_results!I60 -> 0.003738 | AB60: =Default_results!T60 -> 0.034944 | AC60: =Default_results!AE60 -> 0.069067 | AF60: =Default_results!J60 -> 0.4925 | AG60: =Default_results!U60 -> 0.43 | AH60: =Default_results!AF60 -> 0.3619 | AK60: =Default_results!K60 -> 0.0954 | AL60: =Default_results!V60 -> 0.1221 | AM60: =Default_results!AG60 -> 0.1298 | AP60: =Default_results!L60 -> -0.0002 | AQ60: =Default_results!W60 -> -0.0029 | AR60: =Default_results!AH60 -> -0.0022 | AU60: =Default_results!M60 -> -1 | AV60: =Default_results!X60 -> 20349.72 | AW60: =Default_results!AI60 -> 8618.05
A61: =Default_results!A61 -> 5800 | B61: =Default_results!D61 -> 100 | C61: =Default_results!O61 -> 99.9 | D61: =Default_results!Z61 -> 98.5 | G61: =Default_results!E61 -> 3046 | H61: =Default_results!P61 -> 3041 | I61: =Default_results!AA61 -> 2951 | L61: =Default_results!F61 -> 0 | M61: =Default_results!Q61 -> 2 | N61: =Default_results!AB61 -> 45 | Q61: =Default_results!G61 -> 0 | R61: =Default_results!R61 -> 3 | S61: =Default_results!AC61 -> 50 | V61: =Default_results!$D61 -> 100 | W61: =Default_results!$O61 -> 99.9 | X61: =Default_results!$Z61 -> 98.5 | AA61: =Default_results!I61 -> 0.003789 | AB61: =Default_results!T61 -> 0.035647 | AC61: =Default_results!AE61 -> 0.069938 | AF61: =Default_results!J61 -> 0.4924 | AG61: =Default_results!U61 -> 0.4286 | AH61: =Default_results!AF61 -> 0.3601 | AK61: =Default_results!K61 -> 0.0954 | AL61: =Default_results!V61 -> 0.1221 | AM61: =Default_results!AG61 -> 0.1294 | AP61: =Default_results!L61 -> -0.0003 | AQ61: =Default_results!W61 -> -0.0026 | AR61: =Default_results!AH61 -> -0.0052 | AU61: =Default_results!M61 -> -1 | AV61: =Default_results!X61 -> 21094.23 | AW61: =Default_results!AI61 -> 8495.54
A62: =Default_results!A62 -> 5900 | B62: =Default_results!D62 -> 100 | C62: =Default_results!O62 -> 99.9 | D62: =Default_results!Z62 -> 98.4 | G62: =Default_results!E62 -> 3046 | H62: =Default_results!P62 -> 3040 | I62: =Default_results!AA62 -> 2947 | L62: =Default_results!F62 -> 0 | M62: =Default_results!Q62 -> 3 | N62: =Default_results!AB62 -> 48 | Q62: =Default_results!G62 -> 0 | R62: =Default_results!R62 -> 3 | S62: =Default_results!AC62 -> 51 | V62: =Default_results!$D62 -> 100 | W62: =Default_results!$O62 -> 99.9 | X62: =Default_results!$Z62 -> 98.4 | AA62: =Default_results!I62 -> 0.00385 | AB62: =Default_results!T62 -> 0.036577 | AC62: =Default_results!AE62 -> 0.071214 | AF62: =Default_results!J62 -> 0.4923 | AG62: =Default_results!U62 -> 0.4268 | AH62: =Default_results!AF62 -> 0.3576 | AK62: =Default_results!K62 -> 0.0954 | AL62: =Default_results!V62 -> 0.122 | AM62: =Default_results!AG62 -> 0.1293 | AP62: =Default_results!L62 -> 0 | AQ62: =Default_results!W62 -> -0.0009 | AR62: =Default_results!AH62 -> -0.0038 | AU62: =Default_results!M62 -> -1 | AV62: =Default_results!X62 -> 20861.37 | AW62: =Default_results!AI62 -> 8319.74
A63: =Default_results!A63 -> 6000 | B63: =Default_results!D63 -> 100 | C63: =Default_results!O63 -> 99.9 | D63: =Default_results!Z63 -> 98.3 | G63: =Default_results!E63 -> 3046 | H63: =Default_results!P63 -> 3040 | I63: =Default_results!AA63 -> 2942 | L63: =Default_results!F63 -> 0 | M63: =Default_results!Q63 -> 3 | N63: =Default_results!AB63 -> 52 | Q63: =Default_results!G63 -> 0 | R63: =Default_results!R63 -> 3 | S63: =Default_results!AC63 -> 52 | V63: =Default_results!$D63 -> 100 | W63: =Default_results!$O63 -> 99.9 | X63: =Default_results!$Z63 -> 98.3 | AA63: =Default_results!I63 -> 0.003903 | AB63: =Default_results!T63 -> 0.036895 | AC63: =Default_results!AE63 -> 0.072461 | AF63: =Default_results!J63 -> 0.4922 | AG63: =Default_results!U63 -> 0.4261 | AH63: =Default_results!AF63 -> 0.3551 | AK63: =Default_results!K63 -> 0.0954 | AL63: =Default_results!V63 -> 0.1221 | AM63: =Default_results!AG63 -> 0.129 | AP63: =Default_results!L63 -> 0 | AQ63: =Default_results!W63 -> -0.0016 | AR63: =Default_results!AH63 -> -0.0059 | AU63: =Default_results!M63 -> -1 | AV63: =Default_results!X63 -> 19463 | AW63: =Default_results!AI63 -> 8163.87
A64: =Default_results!A64 -> 6100 | B64: =Default_results!D64 -> 100 | C64: =Default_results!O64 -> 99.9 | D64: =Default_results!Z64 -> 98.2 | G64: =Default_results!E64 -> 3046 | H64: =Default_results!P64 -> 3039 | I64: =Default_results!AA64 -> 2935 | L64: =Default_results!F64 -> 0 | M64: =Default_results!Q64 -> 4 | N64: =Default_results!AB64 -> 55 | Q64: =Default_results!G64 -> 0 | R64: =Default_results!R64 -> 3 | S64: =Default_results!AC64 -> 56 | V64: =Default_results!$D64 -> 100 | W64: =Default_results!$O64 -> 99.9 | X64: =Default_results!$Z64 -> 98.2 | AA64: =Default_results!I64 -> 0.003946 | AB64: =Default_results!T64 -> 0.037497 | AC64: =Default_results!AE64 -> 0.073042 | AF64: =Default_results!J64 -> 0.4921 | AG64: =Default_results!U64 -> 0.4249 | AH64: =Default_results!AF64 -> 0.3539 | AK64: =Default_results!K64 -> 0.0954 | AL64: =Default_results!V64 -> 0.122 | AM64: =Default_results!AG64 -> 0.1287 | AP64: =Default_results!L64 -> -0.0003 | AQ64: =Default_results!W64 -> -0.0024 | AR64: =Default_results!AH64 -> -0.0047 | AU64: =Default_results!M64 -> -1 | AV64: =Default_results!X64 -> 18775.33 | AW64: =Default_results!AI64 -> 8049.07
A65: =Default_results!A65 -> 6200 | B65: =Default_results!D65 -> 100 | C65: =Default_results!O65 -> 99.9 | D65: =Default_results!Z65 -> 98.1 | G65: =Default_results!E65 -> 3046 | H65: =Default_results!P65 -> 3039 | I65: =Default_results!AA65 -> 2924 | L65: =Default_results!F65 -> 0 | M65: =Default_results!Q65 -> 4 | N65: =Default_results!AB65 -> 59 | Q65: =Default_results!G65 -> 0 | R65: =Default_results!R65 -> 3 | S65: =Default_results!AC65 -> 63 | V65: =Default_results!$D65 -> 100 | W65: =Default_results!$O65 -> 99.9 | X65: =Default_results!$Z65 -> 98.1 | AA65: =Default_results!I65 -> 0.004013 | AB65: =Default_results!T65 -> 0.037848 | AC65: =Default_results!AE65 -> 0.074021 | AF65: =Default_results!J65 -> 0.492 | AG65: =Default_results!U65 -> 0.4242 | AH65: =Default_results!AF65 -> 0.3519 | AK65: =Default_results!K65 -> 0.0954 | AL65: =Default_results!V65 -> 0.122 | AM65: =Default_results!AG65 -> 0.1283 | AP65: =Default_results!L65 -> -0.0006 | AQ65: =Default_results!W65 -> -0.0012 | AR65: =Default_results!AH65 -> -0.0065 | AU65: =Default_results!M65 -> -1 | AV65: =Default_results!X65 -> 18375.91 | AW65: =Default_results!AI65 -> 8309.02
A66: =Default_results!A66 -> 6300 | B66: =Default_results!D66 -> 100 | C66: =Default_results!O66 -> 99.9 | D66: =Default_results!Z66 -> 97.8 | G66: =Default_results!E66 -> 3046 | H66: =Default_results!P66 -> 3039 | I66: =Default_results!AA66 -> 2913 | L66: =Default_results!F66 -> 0 | M66: =Default_results!Q66 -> 4 | N66: =Default_results!AB66 -> 66 | Q66: =Default_results!G66 -> 0 | R66: =Default_results!R66 -> 3 | S66: =Default_results!AC66 -> 67 | V66: =Default_results!$D66 -> 100 | W66: =Default_results!$O66 -> 99.9 | X66: =Default_results!$Z66 -> 97.8 | AA66: =Default_results!I66 -> 0.004079 | AB66: =Default_results!T66 -> 0.038354 | AC66: =Default_results!AE66 -> 0.075279 | AF66: =Default_results!J66 -> 0.4918 | AG66: =Default_results!U66 -> 0.4232 | AH66: =Default_results!AF66 -> 0.3494 | AK66: =Default_results!K66 -> 0.0954 | AL66: =Default_results!V66 -> 0.122 | AM66: =Default_results!AG66 -> 0.1278 | AP66: =Default_results!L66 -> -0.0001 | AQ66: =Default_results!W66 -> -0.0033 | AR66: =Default_results!AH66 -> -0.0065 | AU66: =Default_results!M66 -> -1 | AV66: =Default_results!X66 -> 18388.14 | AW66: =Default_results!AI66 -> 8453.75
A67: =Default_results!A67 -> 6400 | B67: =Default_results!D67 -> 100 | C67: =Default_results!O67 -> 99.9 | D67: =Default_results!Z67 -> 97.7 | G67: =Default_results!E67 -> 3046 | H67: =Default_results!P67 -> 3039 | I67: =Default_results!AA67 -> 2904 | L67: =Default_results!F67 -> 0 | M67: =Default_results!Q67 -> 4 | N67: =Default_results!AB67 -> 69 | Q67: =Default_results!G67 -> 0 | R67: =Default_results!R67 -> 3 | S67: =Default_results!AC67 -> 73 | V67: =Default_results!$D67 -> 100 | W67: =Default_results!$O67 -> 99.9 | X67: =Default_results!$Z67 -> 97.7 | AA67: =Default_results!I67 -> 0.004171 | AB67: =Default_results!T67 -> 0.038981 | AC67: =Default_results!AE67 -> 0.076099 | AF67: =Default_results!J67 -> 0.4917 | AG67: =Default_results!U67 -> 0.4219 | AH67: =Default_results!AF67 -> 0.3478 | AK67: =Default_results!K67 -> 0.0954 | AL67: =Default_results!V67 -> 0.122 | AM67: =Default_results!AG67 -> 0.1277 | AP67: =Default_results!L67 -> -0.0001 | AQ67: =Default_results!W67 -> -0.001 | AR67: =Default_results!AH67 -> -0.0047 | AU67: =Default_results!M67 -> -1 | AV67: =Default_results!X67 -> 18612.71 | AW67: =Default_results!AI67 -> 8607.67
A68: =Default_results!A68 -> 6500 | B68: =Default_results!D68 -> 100 | C68: =Default_results!O68 -> 99.9 | D68: =Default_results!Z68 -> 97.6 | G68: =Default_results!E68 -> 3046 | H68: =Default_results!P68 -> 3039 | I68: =Default_results!AA68 -> 2896 | L68: =Default_results!F68 -> 0 | M68: =Default_results!Q68 -> 4 | N68: =Default_results!AB68 -> 74 | Q68: =Default_results!G68 -> 0 | R68: =Default_results!R68 -> 3 | S68: =Default_results!AC68 -> 76 | V68: =Default_results!$D68 -> 100 | W68: =Default_results!$O68 -> 99.9 | X68: =Default_results!$Z68 -> 97.6 | AA68: =Default_results!I68 -> 0.004235 | AB68: =Default_results!T68 -> 0.039752 | AC68: =Default_results!AE68 -> 0.077385 | AF68: =Default_results!J68 -> 0.4915 | AG68: =Default_results!U68 -> 0.4204 | AH68: =Default_results!AF68 -> 0.3452 | AK68: =Default_results!K68 -> 0.0954 | AL68: =Default_results!V68 -> 0.122 | AM68: =Default_results!AG68 -> 0.1272 | AP68: =Default_results!L68 -> -0.0004 | AQ68: =Default_results!W68 -> -0.0022 | AR68: =Default_results!AH68 -> -0.0015 | AU68: =Default_results!M68 -> -1 | AV68: =Default_results!X68 -> 18119.73 | AW68: =Default_results!AI68 -> 8904.31
A69: =Default_results!A69 -> 6600 | B69: =Default_results!D69 -> 100 | C69: =Default_results!O69 -> 99.9 | D69: =Default_results!Z69 -> 97.5 | G69: =Default_results!E69 -> 3046 | H69: =Default_results!P69 -> 3039 | I69: =Default_results!AA69 -> 2892 | L69: =Default_results!F69 -> 0 | M69: =Default_results!Q69 -> 4 | N69: =Default_results!AB69 -> 75 | Q69: =Default_results!G69 -> 0 | R69: =Default_results!R69 -> 3 | S69: =Default_results!AC69 -> 79 | V69: =Default_results!$D69 -> 100 | W69: =Default_results!$O69 -> 99.9 | X69: =Default_results!$Z69 -> 97.5 | AA69: =Default_results!I69 -> 0.004295 | AB69: =Default_results!T69 -> 0.040681 | AC69: =Default_results!AE69 -> 0.077857 | AF69: =Default_results!J69 -> 0.4914 | AG69: =Default_results!U69 -> 0.4185 | AH69: =Default_results!AF69 -> 0.3443 | AK69: =Default_results!K69 -> 0.0954 | AL69: =Default_results!V69 -> 0.122 | AM69: =Default_results!AG69 -> 0.1269 | AP69: =Default_results!L69 -> 0 | AQ69: =Default_results!W69 -> -0.0015 | AR69: =Default_results!AH69 -> -0.0008 | AU69: =Default_results!M69 -> -1 | AV69: =Default_results!X69 -> 17951.09 | AW69: =Default_results!AI69 -> 8470.76
A70: =Default_results!A70 -> 6700 | B70: =Default_results!D70 -> 100 | C70: =Default_results!O70 -> 99.9 | D70: =Default_results!Z70 -> 97.3 | G70: =Default_results!E70 -> 3046 | H70: =Default_results!P70 -> 3039 | I70: =Default_results!AA70 -> 2883 | L70: =Default_results!F70 -> 0 | M70: =Default_results!Q70 -> 4 | N70: =Default_results!AB70 -> 83 | Q70: =Default_results!G70 -> 0 | R70: =Default_results!R70 -> 3 | S70: =Default_results!AC70 -> 80 | V70: =Default_results!$D70 -> 100 | W70: =Default_results!$O70 -> 99.9 | X70: =Default_results!$Z70 -> 97.3 | AA70: =Default_results!I70 -> 0.004411 | AB70: =Default_results!T70 -> 0.041261 | AC70: =Default_results!AE70 -> 0.078701 | AF70: =Default_results!J70 -> 0.4912 | AG70: =Default_results!U70 -> 0.4174 | AH70: =Default_results!AF70 -> 0.3426 | AK70: =Default_results!K70 -> 0.0954 | AL70: =Default_results!V70 -> 0.122 | AM70: =Default_results!AG70 -> 0.1265 | AP70: =Default_results!L70 -> -0.0007 | AQ70: =Default_results!W70 -> -0.0024 | AR70: =Default_results!AH70 -> -0.0045 | AU70: =Default_results!M70 -> -1 | AV70: =Default_results!X70 -> 17192.92 | AW70: =Default_results!AI70 -> 8300.15
A71: =Default_results!A71 -> 6800 | B71: =Default_results!D71 -> 100 | C71: =Default_results!O71 -> 99.9 | D71: =Default_results!Z71 -> 97.1 | G71: =Default_results!E71 -> 3046 | H71: =Default_results!P71 -> 3039 | I71: =Default_results!AA71 -> 2876 | L71: =Default_results!F71 -> 0 | M71: =Default_results!Q71 -> 4 | N71: =Default_results!AB71 -> 87 | Q71: =Default_results!G71 -> 0 | R71: =Default_results!R71 -> 3 | S71: =Default_results!AC71 -> 83 | V71: =Default_results!$D71 -> 100 | W71: =Default_results!$O71 -> 99.9 | X71: =Default_results!$Z71 -> 97.1 | AA71: =Default_results!I71 -> 0.004489 | AB71: =Default_results!T71 -> 0.041774 | AC71: =Default_results!AE71 -> 0.079632 | AF71: =Default_results!J71 -> 0.491 | AG71: =Default_results!U71 -> 0.4164 | AH71: =Default_results!AF71 -> 0.3407 | AK71: =Default_results!K71 -> 0.0954 | AL71: =Default_results!V71 -> 0.1221 | AM71: =Default_results!AG71 -> 0.1262 | AP71: =Default_results!L71 -> -0.0001 | AQ71: =Default_results!W71 -> -0.0026 | AR71: =Default_results!AH71 -> -0.0046 | AU71: =Default_results!M71 -> -1 | AV71: =Default_results!X71 -> 17465.43 | AW71: =Default_results!AI71 -> 8314.91
... A103: =Default_results!A103 -> 10000 | B103: =Default_results!D103 -> 100 | C103: =Default_results!O103 -> 99.4 | D103: =Default_results!Z103 -> 90.7 | G103: =Default_results!E103 -> 3046 | H103: =Default_results!P103 -> 3007 | I103: =Default_results!AA103 -> 2505 | L103: =Default_results!F103 -> 0 | M103: =Default_results!Q103 -> 18 | N103: =Default_results!AB103 -> 282 | Q103: =Default_results!G103 -> 0 | R103: =Default_results!R103 -> 21 | S103: =Default_results!AC103 -> 259 | V103: =Default_results!$D103 -> 100 | W103: =Default_results!$O103 -> 99.4 | X103: =Default_results!$Z103 -> 90.7 | AA103: =Default_results!I103 -> 0.006472 | AB103: =Default_results!T103 -> 0.056962 | AC103: =Default_results!AE103 -> 0.106497 | AF103: =Default_results!J103 -> 0.4871 | AG103: =Default_results!U103 -> 0.386 | AH103: =Default_results!AF103 -> 0.287 | AK103: =Default_results!K103 -> 0.0954 | AL103: =Default_results!V103 -> 0.1207 | AM103: =Default_results!AG103 -> 0.1101 | AP103: =Default_results!L103 -> -0.0004 | AQ103: =Default_results!W103 -> -0.0001 | AR103: =Default_results!AH103 -> -0.0069 | AU103: =Default_results!M103 -> -1 | AV103: =Default_results!X103 -> 22411.61 | AW103: =Default_results!AI103 -> 8312.15
